Image Path,label,Error
Line_detection_Group/Full_Extracted_images\Image_1_Left.png,Left,-31
Line_detection_Group/Full_Extracted_images\Image_2_Left.png,Left,-30
Line_detection_Group/Full_Extracted_images\Image_3_Left.png,Left,-30
Line_detection_Group/Full_Extracted_images\Image_4_Left.png,Left,-31
Line_detection_Group/Full_Extracted_images\Image_5_Left.png,Left,-30
Line_detection_Group/Full_Extracted_images\Image_6_Left.png,Left,-30
Line_detection_Group/Full_Extracted_images\Image_7_Left.png,Left,-30
Line_detection_Group/Full_Extracted_images\Image_8_Left.png,Left,-30
Line_detection_Group/Full_Extracted_images\Image_9_Left.png,Left,-31
Line_detection_Group/Full_Extracted_images\Image_10_Left.png,Left,-30
Line_detection_Group/Full_Extracted_images\Image_11_Left.png,Left,-30
Line_detection_Group/Full_Extracted_images\Image_12_Left.png,Left,-30
Line_detection_Group/Full_Extracted_images\Image_13_Left.png,Left,-30
Line_detection_Group/Full_Extracted_images\Image_14_Left.png,Left,-31
Line_detection_Group/Full_Extracted_images\Image_15_Left.png,Left,-30
Line_detection_Group/Full_Extracted_images\Image_16_Left.png,Left,-30
Line_detection_Group/Full_Extracted_images\Image_17_Left.png,Left,-30
Line_detection_Group/Full_Extracted_images\Image_18_Left.png,Left,-30
Line_detection_Group/Full_Extracted_images\Image_19_Left.png,Left,-31
Line_detection_Group/Full_Extracted_images\Image_20_Left.png,Left,-30
Line_detection_Group/Full_Extracted_images\Image_21_Left.png,Left,-30
Line_detection_Group/Full_Extracted_images\Image_22_Left.png,Left,-31
Line_detection_Group/Full_Extracted_images\Image_23_Left.png,Left,-30
Line_detection_Group/Full_Extracted_images\Image_24_Left.png,Left,-31
Line_detection_Group/Full_Extracted_images\Image_25_Left.png,Left,-30
Line_detection_Group/Full_Extracted_images\Image_26_Left.png,Left,-30
Line_detection_Group/Full_Extracted_images\Image_27_Left.png,Left,-31
Line_detection_Group/Full_Extracted_images\Image_28_Left.png,Left,-30
Line_detection_Group/Full_Extracted_images\Image_29_Left.png,Left,-30
Line_detection_Group/Full_Extracted_images\Image_30_Left.png,Left,-26
Line_detection_Group/Full_Extracted_images\Image_31_Left.png,Left,-25
Line_detection_Group/Full_Extracted_images\Image_32_Left.png,Left,-27
Line_detection_Group/Full_Extracted_images\Image_33_Left.png,Left,-31
Line_detection_Group/Full_Extracted_images\Image_34_Left.png,Left,-38
Line_detection_Group/Full_Extracted_images\Image_35_Left.png,Left,-41
Line_detection_Group/Full_Extracted_images\Image_36_Left.png,Left,-40
Line_detection_Group/Full_Extracted_images\Image_37_Left.png,Left,-35
Line_detection_Group/Full_Extracted_images\Image_38_Left.png,Left,-26
Line_detection_Group/Full_Extracted_images\Image_39_On_Track.png,On_Track,-19
Line_detection_Group/Full_Extracted_images\Image_40_On_Track.png,On_Track,-14
Line_detection_Group/Full_Extracted_images\Image_41_On_Track.png,On_Track,-16
Line_detection_Group/Full_Extracted_images\Image_42_Left.png,Left,-22
Line_detection_Group/Full_Extracted_images\Image_43_Left.png,Left,-35
Line_detection_Group/Full_Extracted_images\Image_44_Left.png,Left,-41
Line_detection_Group/Full_Extracted_images\Image_45_Left.png,Left,-45
Line_detection_Group/Full_Extracted_images\Image_46_Left.png,Left,-44
Line_detection_Group/Full_Extracted_images\Image_47_Left.png,Left,-40
Line_detection_Group/Full_Extracted_images\Image_48_Left.png,Left,-34
Line_detection_Group/Full_Extracted_images\Image_49_Left.png,Left,-29
Line_detection_Group/Full_Extracted_images\Image_50_Left.png,Left,-29
Line_detection_Group/Full_Extracted_images\Image_51_Left.png,Left,-34
Line_detection_Group/Full_Extracted_images\Image_52_Left.png,Left,-36
Line_detection_Group/Full_Extracted_images\Image_53_Left.png,Left,-42
Line_detection_Group/Full_Extracted_images\Image_54_Left.png,Left,-42
Line_detection_Group/Full_Extracted_images\Image_55_Left.png,Left,-40
Line_detection_Group/Full_Extracted_images\Image_56_Left.png,Left,-34
Line_detection_Group/Full_Extracted_images\Image_57_Left.png,Left,-30
Line_detection_Group/Full_Extracted_images\Image_58_Left.png,Left,-28
Line_detection_Group/Full_Extracted_images\Image_59_Left.png,Left,-27
Line_detection_Group/Full_Extracted_images\Image_60_Left.png,Left,-33
Line_detection_Group/Full_Extracted_images\Image_61_Left.png,Left,-160
Line_detection_Group/Full_Extracted_images\Image_62_Left.png,Left,-89
Line_detection_Group/Full_Extracted_images\Image_63_Off_Track.png,Off_Track,
Line_detection_Group/Full_Extracted_images\Image_64_Left.png,Left,-39
Line_detection_Group/Full_Extracted_images\Image_65_Left.png,Left,-36
Line_detection_Group/Full_Extracted_images\Image_66_Left.png,Left,-35
Line_detection_Group/Full_Extracted_images\Image_67_Left.png,Left,-36
Line_detection_Group/Full_Extracted_images\Image_68_Left.png,Left,-40
Line_detection_Group/Full_Extracted_images\Image_69_Left.png,Left,-44
Line_detection_Group/Full_Extracted_images\Image_70_Left.png,Left,-44
Line_detection_Group/Full_Extracted_images\Image_71_Left.png,Left,-43
Line_detection_Group/Full_Extracted_images\Image_72_Left.png,Left,-38
Line_detection_Group/Full_Extracted_images\Image_73_Left.png,Left,-30
Line_detection_Group/Full_Extracted_images\Image_74_Left.png,Left,-27
Line_detection_Group/Full_Extracted_images\Image_75_Left.png,Left,-28
Line_detection_Group/Full_Extracted_images\Image_76_Left.png,Left,-32
Line_detection_Group/Full_Extracted_images\Image_77_Left.png,Left,-37
Line_detection_Group/Full_Extracted_images\Image_78_Left.png,Left,-43
Line_detection_Group/Full_Extracted_images\Image_79_Left.png,Left,-45
Line_detection_Group/Full_Extracted_images\Image_80_Left.png,Left,-43
Line_detection_Group/Full_Extracted_images\Image_81_Left.png,Left,-38
Line_detection_Group/Full_Extracted_images\Image_82_Left.png,Left,-29
Line_detection_Group/Full_Extracted_images\Image_83_Left.png,Left,-24
Line_detection_Group/Full_Extracted_images\Image_84_Left.png,Left,-21
Line_detection_Group/Full_Extracted_images\Image_85_Left.png,Left,-23
Line_detection_Group/Full_Extracted_images\Image_86_Left.png,Left,-29
Line_detection_Group/Full_Extracted_images\Image_87_Left.png,Left,-35
Line_detection_Group/Full_Extracted_images\Image_88_Off_Track.png,Off_Track,
Line_detection_Group/Full_Extracted_images\Image_89_Off_Track.png,Off_Track,
Line_detection_Group/Full_Extracted_images\Image_90_Off_Track.png,Off_Track,
Line_detection_Group/Full_Extracted_images\Image_91_Off_Track.png,Off_Track,
Line_detection_Group/Full_Extracted_images\Image_92_On_Track.png,On_Track,-18
Line_detection_Group/Full_Extracted_images\Image_93_On_Track.png,On_Track,-5
Line_detection_Group/Full_Extracted_images\Image_94_On_Track.png,On_Track,17
Line_detection_Group/Full_Extracted_images\Image_95_Right.png,Right,23
Line_detection_Group/Full_Extracted_images\Image_96_On_Track.png,On_Track,19
Line_detection_Group/Full_Extracted_images\Image_97_On_Track.png,On_Track,2
Line_detection_Group/Full_Extracted_images\Image_98_On_Track.png,On_Track,-17
Line_detection_Group/Full_Extracted_images\Image_99_Left.png,Left,-30
Line_detection_Group/Full_Extracted_images\Image_100_Left.png,Left,-35
Line_detection_Group/Full_Extracted_images\Image_101_Left.png,Left,-35
Line_detection_Group/Full_Extracted_images\Image_102_Left.png,Left,-33
Line_detection_Group/Full_Extracted_images\Image_103_Left.png,Left,-21
Line_detection_Group/Full_Extracted_images\Image_104_Left.png,Left,-107
Line_detection_Group/Full_Extracted_images\Image_105_Left.png,Left,-160
Line_detection_Group/Full_Extracted_images\Image_106_Left.png,Left,-160
Line_detection_Group/Full_Extracted_images\Image_107_On_Track.png,On_Track,9
Line_detection_Group/Full_Extracted_images\Image_108_On_Track.png,On_Track,10
Line_detection_Group/Full_Extracted_images\Image_109_On_Track.png,On_Track,13
Line_detection_Group/Full_Extracted_images\Image_110_On_Track.png,On_Track,15
Line_detection_Group/Full_Extracted_images\Image_111_On_Track.png,On_Track,14
Line_detection_Group/Full_Extracted_images\Image_112_On_Track.png,On_Track,11
Line_detection_Group/Full_Extracted_images\Image_113_On_Track.png,On_Track,3
Line_detection_Group/Full_Extracted_images\Image_114_On_Track.png,On_Track,-4
Line_detection_Group/Full_Extracted_images\Image_115_On_Track.png,On_Track,-7
Line_detection_Group/Full_Extracted_images\Image_116_On_Track.png,On_Track,-5
Line_detection_Group/Full_Extracted_images\Image_117_On_Track.png,On_Track,1
Line_detection_Group/Full_Extracted_images\Image_118_On_Track.png,On_Track,3
Line_detection_Group/Full_Extracted_images\Image_119_On_Track.png,On_Track,4
Line_detection_Group/Full_Extracted_images\Image_120_On_Track.png,On_Track,2
Line_detection_Group/Full_Extracted_images\Image_121_On_Track.png,On_Track,-3
Line_detection_Group/Full_Extracted_images\Image_122_On_Track.png,On_Track,-7
Line_detection_Group/Full_Extracted_images\Image_123_On_Track.png,On_Track,-7
Line_detection_Group/Full_Extracted_images\Image_124_On_Track.png,On_Track,-4
Line_detection_Group/Full_Extracted_images\Image_125_On_Track.png,On_Track,2
Line_detection_Group/Full_Extracted_images\Image_126_On_Track.png,On_Track,6
Line_detection_Group/Full_Extracted_images\Image_127_On_Track.png,On_Track,7
Line_detection_Group/Full_Extracted_images\Image_128_On_Track.png,On_Track,4
Line_detection_Group/Full_Extracted_images\Image_129_On_Track.png,On_Track,0
Line_detection_Group/Full_Extracted_images\Image_130_On_Track.png,On_Track,-10
Line_detection_Group/Full_Extracted_images\Image_131_On_Track.png,On_Track,-13
Line_detection_Group/Full_Extracted_images\Image_132_On_Track.png,On_Track,-11
Line_detection_Group/Full_Extracted_images\Image_133_On_Track.png,On_Track,-6
Line_detection_Group/Full_Extracted_images\Image_134_On_Track.png,On_Track,0
Line_detection_Group/Full_Extracted_images\Image_135_On_Track.png,On_Track,8
Line_detection_Group/Full_Extracted_images\Image_136_On_Track.png,On_Track,9
Line_detection_Group/Full_Extracted_images\Image_137_On_Track.png,On_Track,6
Line_detection_Group/Full_Extracted_images\Image_138_On_Track.png,On_Track,1
Line_detection_Group/Full_Extracted_images\Image_139_On_Track.png,On_Track,-6
Line_detection_Group/Full_Extracted_images\Image_140_On_Track.png,On_Track,-8
Line_detection_Group/Full_Extracted_images\Image_141_On_Track.png,On_Track,-5
Line_detection_Group/Full_Extracted_images\Image_142_On_Track.png,On_Track,1
Line_detection_Group/Full_Extracted_images\Image_143_On_Track.png,On_Track,8
Line_detection_Group/Full_Extracted_images\Image_144_On_Track.png,On_Track,9
Line_detection_Group/Full_Extracted_images\Image_145_On_Track.png,On_Track,6
Line_detection_Group/Full_Extracted_images\Image_146_On_Track.png,On_Track,-1
Line_detection_Group/Full_Extracted_images\Image_147_On_Track.png,On_Track,-9
Line_detection_Group/Full_Extracted_images\Image_148_On_Track.png,On_Track,-12
Line_detection_Group/Full_Extracted_images\Image_149_On_Track.png,On_Track,-12
Line_detection_Group/Full_Extracted_images\Image_150_On_Track.png,On_Track,-8
Line_detection_Group/Full_Extracted_images\Image_151_On_Track.png,On_Track,-4
Line_detection_Group/Full_Extracted_images\Image_152_On_Track.png,On_Track,1
Line_detection_Group/Full_Extracted_images\Image_153_On_Track.png,On_Track,0
Line_detection_Group/Full_Extracted_images\Image_154_On_Track.png,On_Track,-5
Line_detection_Group/Full_Extracted_images\Image_155_On_Track.png,On_Track,-11
Line_detection_Group/Full_Extracted_images\Image_156_On_Track.png,On_Track,-18
Line_detection_Group/Full_Extracted_images\Image_157_On_Track.png,On_Track,-18
Line_detection_Group/Full_Extracted_images\Image_158_On_Track.png,On_Track,-15
Line_detection_Group/Full_Extracted_images\Image_159_On_Track.png,On_Track,-12
Line_detection_Group/Full_Extracted_images\Image_160_On_Track.png,On_Track,-5
Line_detection_Group/Full_Extracted_images\Image_161_Right.png,Right,47
Line_detection_Group/Full_Extracted_images\Image_162_Left.png,Left,-160
Line_detection_Group/Full_Extracted_images\Image_163_Off_Track.png,Off_Track,
Line_detection_Group/Full_Extracted_images\Image_164_On_Track.png,On_Track,-5
Line_detection_Group/Full_Extracted_images\Image_165_On_Track.png,On_Track,-4
Line_detection_Group/Full_Extracted_images\Image_166_On_Track.png,On_Track,-4
Line_detection_Group/Full_Extracted_images\Image_167_On_Track.png,On_Track,-4
Line_detection_Group/Full_Extracted_images\Image_168_On_Track.png,On_Track,-5
Line_detection_Group/Full_Extracted_images\Image_169_On_Track.png,On_Track,-8
Line_detection_Group/Full_Extracted_images\Image_170_On_Track.png,On_Track,-11
Line_detection_Group/Full_Extracted_images\Image_171_On_Track.png,On_Track,-8
Line_detection_Group/Full_Extracted_images\Image_172_On_Track.png,On_Track,-5
Line_detection_Group/Full_Extracted_images\Image_173_On_Track.png,On_Track,0
Line_detection_Group/Full_Extracted_images\Image_174_On_Track.png,On_Track,2
Line_detection_Group/Full_Extracted_images\Image_175_On_Track.png,On_Track,0
Line_detection_Group/Full_Extracted_images\Image_176_On_Track.png,On_Track,-6
Line_detection_Group/Full_Extracted_images\Image_177_On_Track.png,On_Track,-12
Line_detection_Group/Full_Extracted_images\Image_178_On_Track.png,On_Track,-14
Line_detection_Group/Full_Extracted_images\Image_179_On_Track.png,On_Track,-13
Line_detection_Group/Full_Extracted_images\Image_180_On_Track.png,On_Track,-8
Line_detection_Group/Full_Extracted_images\Image_181_On_Track.png,On_Track,-2
Line_detection_Group/Full_Extracted_images\Image_182_On_Track.png,On_Track,3
Line_detection_Group/Full_Extracted_images\Image_183_On_Track.png,On_Track,4
Line_detection_Group/Full_Extracted_images\Image_184_On_Track.png,On_Track,1
Line_detection_Group/Full_Extracted_images\Image_185_On_Track.png,On_Track,-5
Line_detection_Group/Full_Extracted_images\Image_186_On_Track.png,On_Track,-12
Line_detection_Group/Full_Extracted_images\Image_187_On_Track.png,On_Track,-13
Line_detection_Group/Full_Extracted_images\Image_188_On_Track.png,On_Track,-12
Line_detection_Group/Full_Extracted_images\Image_189_On_Track.png,On_Track,-5
Line_detection_Group/Full_Extracted_images\Image_190_Off_Track.png,Off_Track,
Line_detection_Group/Full_Extracted_images\Image_191_Off_Track.png,Off_Track,
Line_detection_Group/Full_Extracted_images\Image_192_Off_Track.png,Off_Track,
Line_detection_Group/Full_Extracted_images\Image_193_Off_Track.png,Off_Track,
Line_detection_Group/Full_Extracted_images\Image_194_On_Track.png,On_Track,-14
Line_detection_Group/Full_Extracted_images\Image_195_Left.png,Left,-26
Line_detection_Group/Full_Extracted_images\Image_196_Left.png,Left,-43
Line_detection_Group/Full_Extracted_images\Image_197_Left.png,Left,-68
Line_detection_Group/Full_Extracted_images\Image_198_Left.png,Left,-71
Line_detection_Group/Full_Extracted_images\Image_199_Left.png,Left,-65
Line_detection_Group/Full_Extracted_images\Image_200_Left.png,Left,-51
Line_detection_Group/Full_Extracted_images\Image_201_Left.png,Left,-40
Line_detection_Group/Full_Extracted_images\Image_202_Left.png,Left,-25
Line_detection_Group/Full_Extracted_images\Image_203_On_Track.png,On_Track,-20
Line_detection_Group/Full_Extracted_images\Image_204_On_Track.png,On_Track,-18
Line_detection_Group/Full_Extracted_images\Image_205_On_Track.png,On_Track,-17
Line_detection_Group/Full_Extracted_images\Image_206_Right.png,Right,30
Line_detection_Group/Full_Extracted_images\Image_207_Off_Track.png,Off_Track,
Line_detection_Group/Full_Extracted_images\Image_208_Left.png,Left,-34
Line_detection_Group/Full_Extracted_images\Image_209_Left.png,Left,-38
Line_detection_Group/Full_Extracted_images\Image_210_Left.png,Left,-39
Line_detection_Group/Full_Extracted_images\Image_211_Left.png,Left,-40
Line_detection_Group/Full_Extracted_images\Image_212_Left.png,Left,-40
Line_detection_Group/Full_Extracted_images\Image_213_Left.png,Left,-37
Line_detection_Group/Full_Extracted_images\Image_214_Left.png,Left,-33
Line_detection_Group/Full_Extracted_images\Image_215_Left.png,Left,-29
Line_detection_Group/Full_Extracted_images\Image_216_Left.png,Left,-29
Line_detection_Group/Full_Extracted_images\Image_217_Left.png,Left,-32
Line_detection_Group/Full_Extracted_images\Image_218_Left.png,Left,-35
Line_detection_Group/Full_Extracted_images\Image_219_Left.png,Left,-36
Line_detection_Group/Full_Extracted_images\Image_220_Left.png,Left,-35
Line_detection_Group/Full_Extracted_images\Image_221_Left.png,Left,-29
Line_detection_Group/Full_Extracted_images\Image_222_Left.png,Left,-26
Line_detection_Group/Full_Extracted_images\Image_223_Left.png,Left,-25
Line_detection_Group/Full_Extracted_images\Image_224_Left.png,Left,-27
Line_detection_Group/Full_Extracted_images\Image_225_Left.png,Left,-35
Line_detection_Group/Full_Extracted_images\Image_226_Left.png,Left,-40
Line_detection_Group/Full_Extracted_images\Image_227_Left.png,Left,-43
Line_detection_Group/Full_Extracted_images\Image_228_Left.png,Left,-42
Line_detection_Group/Full_Extracted_images\Image_229_Left.png,Left,-37
Line_detection_Group/Full_Extracted_images\Image_230_Left.png,Left,-32
Line_detection_Group/Full_Extracted_images\Image_231_Left.png,Left,-29
Line_detection_Group/Full_Extracted_images\Image_232_Left.png,Left,-30
Line_detection_Group/Full_Extracted_images\Image_233_Left.png,Left,-36
Line_detection_Group/Full_Extracted_images\Image_234_Left.png,Left,-41
Line_detection_Group/Full_Extracted_images\Image_235_Left.png,Left,-43
Line_detection_Group/Full_Extracted_images\Image_236_Left.png,Left,-42
Line_detection_Group/Full_Extracted_images\Image_237_Left.png,Left,-37
Line_detection_Group/Full_Extracted_images\Image_238_Left.png,Left,-28
Line_detection_Group/Full_Extracted_images\Image_239_Left.png,Left,-22
Line_detection_Group/Full_Extracted_images\Image_240_On_Track.png,On_Track,-18
Line_detection_Group/Full_Extracted_images\Image_241_On_Track.png,On_Track,-20
Line_detection_Group/Full_Extracted_images\Image_242_Left.png,Left,-23
Line_detection_Group/Full_Extracted_images\Image_243_Left.png,Left,-34
Line_detection_Group/Full_Extracted_images\Image_244_Left.png,Left,-38
Line_detection_Group/Full_Extracted_images\Image_245_Left.png,Left,-39
Line_detection_Group/Full_Extracted_images\Image_246_Left.png,Left,-37
Line_detection_Group/Full_Extracted_images\Image_247_Left.png,Left,-33
Line_detection_Group/Full_Extracted_images\Image_248_Left.png,Left,-22
Line_detection_Group/Full_Extracted_images\Image_249_On_Track.png,On_Track,-17
Line_detection_Group/Full_Extracted_images\Image_250_On_Track.png,On_Track,-17
Line_detection_Group/Full_Extracted_images\Image_251_Left.png,Left,-21
Line_detection_Group/Full_Extracted_images\Image_252_Left.png,Left,-27
Line_detection_Group/Full_Extracted_images\Image_253_Left.png,Left,-32
Line_detection_Group/Full_Extracted_images\Image_254_Left.png,Left,-33
Line_detection_Group/Full_Extracted_images\Image_255_Left.png,Left,-28
Line_detection_Group/Full_Extracted_images\Image_256_Left.png,Left,-22
Line_detection_Group/Full_Extracted_images\Image_257_On_Track.png,On_Track,-17
Line_detection_Group/Full_Extracted_images\Image_258_On_Track.png,On_Track,-15
Line_detection_Group/Full_Extracted_images\Image_259_On_Track.png,On_Track,-18
Line_detection_Group/Full_Extracted_images\Image_260_Left.png,Left,-160
Line_detection_Group/Full_Extracted_images\Image_261_Off_Track.png,Off_Track,
Line_detection_Group/Full_Extracted_images\Image_262_Off_Track.png,Off_Track,
Line_detection_Group/Full_Extracted_images\Image_263_Off_Track.png,Off_Track,
Line_detection_Group/Full_Extracted_images\Image_264_Off_Track.png,Off_Track,
Line_detection_Group/Full_Extracted_images\Image_265_Off_Track.png,Off_Track,
Line_detection_Group/Full_Extracted_images\Image_266_Off_Track.png,Off_Track,
Line_detection_Group/Full_Extracted_images\Image_267_Off_Track.png,Off_Track,
Line_detection_Group/Full_Extracted_images\Image_268_Off_Track.png,Off_Track,
Line_detection_Group/Full_Extracted_images\Image_269_Off_Track.png,Off_Track,
Line_detection_Group/Full_Extracted_images\Image_270_Off_Track.png,Off_Track,
Line_detection_Group/Full_Extracted_images\Image_271_Off_Track.png,Off_Track,
Line_detection_Group/Full_Extracted_images\Image_272_Off_Track.png,Off_Track,
Line_detection_Group/Full_Extracted_images\Image_273_Off_Track.png,Off_Track,
Line_detection_Group/Full_Extracted_images\Image_274_Off_Track.png,Off_Track,
Line_detection_Group/Full_Extracted_images\Image_275_Off_Track.png,Off_Track,
Line_detection_Group/Full_Extracted_images\Image_276_Off_Track.png,Off_Track,
Line_detection_Group/Full_Extracted_images\Image_277_Off_Track.png,Off_Track,
Line_detection_Group/Full_Extracted_images\Image_278_Off_Track.png,Off_Track,
Line_detection_Group/Full_Extracted_images\Image_279_Off_Track.png,Off_Track,
Line_detection_Group/Full_Extracted_images\Image_280_Off_Track.png,Off_Track,
Line_detection_Group/Full_Extracted_images\Image_281_Off_Track.png,Off_Track,
Line_detection_Group/Full_Extracted_images\Image_282_Off_Track.png,Off_Track,
Line_detection_Group/Full_Extracted_images\Image_283_Off_Track.png,Off_Track,
Line_detection_Group/Full_Extracted_images\Image_284_Off_Track.png,Off_Track,
Line_detection_Group/Full_Extracted_images\Image_285_Off_Track.png,Off_Track,
Line_detection_Group/Full_Extracted_images\Image_286_Off_Track.png,Off_Track,
Line_detection_Group/Full_Extracted_images\Image_287_Right.png,Right,96
Line_detection_Group/Full_Extracted_images\Image_288_On_Track.png,On_Track,-13
Line_detection_Group/Full_Extracted_images\Image_289_Off_Track.png,Off_Track,
Line_detection_Group/Full_Extracted_images\Image_290_Off_Track.png,Off_Track,
Line_detection_Group/Full_Extracted_images\Image_291_Off_Track.png,Off_Track,
Line_detection_Group/Full_Extracted_images\Image_292_Off_Track.png,Off_Track,
Line_detection_Group/Full_Extracted_images\Image_293_Off_Track.png,Off_Track,
Line_detection_Group/Full_Extracted_images\Image_294_Left.png,Left,-160
Line_detection_Group/Full_Extracted_images\Image_295_Left.png,Left,-91
Line_detection_Group/Full_Extracted_images\Image_296_Left.png,Left,-68
Line_detection_Group/Full_Extracted_images\Image_297_Left.png,Left,-60
Line_detection_Group/Full_Extracted_images\Image_298_Left.png,Left,-59
Line_detection_Group/Full_Extracted_images\Image_299_Left.png,Left,-55
Line_detection_Group/Full_Extracted_images\Image_300_Left.png,Left,-56
Line_detection_Group/Full_Extracted_images\Image_301_Left.png,Left,-59
Line_detection_Group/Full_Extracted_images\Image_302_Left.png,Left,-62
Line_detection_Group/Full_Extracted_images\Image_303_Left.png,Left,-68
Line_detection_Group/Full_Extracted_images\Image_304_Left.png,Left,-74
Line_detection_Group/Full_Extracted_images\Image_305_Left.png,Left,-81
Line_detection_Group/Full_Extracted_images\Image_306_Left.png,Left,-92
Line_detection_Group/Full_Extracted_images\Image_307_Left.png,Left,-98
Line_detection_Group/Full_Extracted_images\Image_308_Left.png,Left,-101
Line_detection_Group/Full_Extracted_images\Image_309_Left.png,Left,-100
Line_detection_Group/Full_Extracted_images\Image_310_Left.png,Left,-95
Line_detection_Group/Full_Extracted_images\Image_311_Left.png,Left,-80
Line_detection_Group/Full_Extracted_images\Image_312_Left.png,Left,-68
Line_detection_Group/Full_Extracted_images\Image_313_Left.png,Left,-63
Line_detection_Group/Full_Extracted_images\Image_314_Left.png,Left,-60
Line_detection_Group/Full_Extracted_images\Image_315_Left.png,Left,-59
Line_detection_Group/Full_Extracted_images\Image_316_Left.png,Left,-60
Line_detection_Group/Full_Extracted_images\Image_317_Left.png,Left,-60
Line_detection_Group/Full_Extracted_images\Image_318_Left.png,Left,-60
Line_detection_Group/Full_Extracted_images\Image_319_Left.png,Left,-60
Line_detection_Group/Full_Extracted_images\Image_320_Left.png,Left,-58
Line_detection_Group/Full_Extracted_images\Image_321_Left.png,Left,-52
Line_detection_Group/Full_Extracted_images\Image_322_Left.png,Left,-49
Line_detection_Group/Full_Extracted_images\Image_323_Left.png,Left,-47
Line_detection_Group/Full_Extracted_images\Image_324_Left.png,Left,-44
Line_detection_Group/Full_Extracted_images\Image_325_Left.png,Left,-41
Line_detection_Group/Full_Extracted_images\Image_326_Left.png,Left,-40
Line_detection_Group/Full_Extracted_images\Image_327_Left.png,Left,-39
Line_detection_Group/Full_Extracted_images\Image_328_Left.png,Left,-40
Line_detection_Group/Full_Extracted_images\Image_329_Left.png,Left,-43
Line_detection_Group/Full_Extracted_images\Image_330_On_Track.png,On_Track,-2
Line_detection_Group/Full_Extracted_images\Image_331_On_Track.png,On_Track,-5
Line_detection_Group/Full_Extracted_images\Image_332_Off_Track.png,Off_Track,
Line_detection_Group/Full_Extracted_images\Image_333_Left.png,Left,-55
Line_detection_Group/Full_Extracted_images\Image_334_Left.png,Left,-56
Line_detection_Group/Full_Extracted_images\Image_335_Left.png,Left,-56
Line_detection_Group/Full_Extracted_images\Image_336_Left.png,Left,-49
Line_detection_Group/Full_Extracted_images\Image_337_Left.png,Left,-39
Line_detection_Group/Full_Extracted_images\Image_338_Left.png,Left,-31
Line_detection_Group/Full_Extracted_images\Image_339_Left.png,Left,-28
Line_detection_Group/Full_Extracted_images\Image_340_Left.png,Left,-29
Line_detection_Group/Full_Extracted_images\Image_341_Left.png,Left,-32
Line_detection_Group/Full_Extracted_images\Image_342_Left.png,Left,-35
Line_detection_Group/Full_Extracted_images\Image_343_Left.png,Left,-38
Line_detection_Group/Full_Extracted_images\Image_344_Left.png,Left,-36
Line_detection_Group/Full_Extracted_images\Image_345_Left.png,Left,-30
Line_detection_Group/Full_Extracted_images\Image_346_Left.png,Left,-24
Line_detection_Group/Full_Extracted_images\Image_347_On_Track.png,On_Track,-16
Line_detection_Group/Full_Extracted_images\Image_348_On_Track.png,On_Track,-15
Line_detection_Group/Full_Extracted_images\Image_349_On_Track.png,On_Track,-17
Line_detection_Group/Full_Extracted_images\Image_350_Left.png,Left,-22
Line_detection_Group/Full_Extracted_images\Image_351_Left.png,Left,-28
Line_detection_Group/Full_Extracted_images\Image_352_Left.png,Left,-31
Line_detection_Group/Full_Extracted_images\Image_353_Left.png,Left,-30
Line_detection_Group/Full_Extracted_images\Image_354_Off_Track.png,Off_Track,
Line_detection_Group/Full_Extracted_images\Image_355_Off_Track.png,Off_Track,
Line_detection_Group/Full_Extracted_images\Image_356_Off_Track.png,Off_Track,
Line_detection_Group/Full_Extracted_images\Image_357_Off_Track.png,Off_Track,
Line_detection_Group/Full_Extracted_images\Image_358_Off_Track.png,Off_Track,
Line_detection_Group/Full_Extracted_images\Image_359_On_Track.png,On_Track,-6
Line_detection_Group/Full_Extracted_images\Image_360_On_Track.png,On_Track,0
Line_detection_Group/Full_Extracted_images\Image_361_On_Track.png,On_Track,3
Line_detection_Group/Full_Extracted_images\Image_362_On_Track.png,On_Track,-2
Line_detection_Group/Full_Extracted_images\Image_363_On_Track.png,On_Track,-13
Line_detection_Group/Full_Extracted_images\Image_364_Left.png,Left,-21
Line_detection_Group/Full_Extracted_images\Image_365_Left.png,Left,-27
Line_detection_Group/Full_Extracted_images\Image_366_Left.png,Left,-26
Line_detection_Group/Full_Extracted_images\Image_367_On_Track.png,On_Track,-14
Line_detection_Group/Full_Extracted_images\Image_368_On_Track.png,On_Track,-7
Line_detection_Group/Full_Extracted_images\Image_369_On_Track.png,On_Track,0
Line_detection_Group/Full_Extracted_images\Image_370_On_Track.png,On_Track,3
Line_detection_Group/Full_Extracted_images\Image_371_On_Track.png,On_Track,4
Line_detection_Group/Full_Extracted_images\Image_372_On_Track.png,On_Track,1
Line_detection_Group/Full_Extracted_images\Image_373_On_Track.png,On_Track,-2
Line_detection_Group/Full_Extracted_images\Image_374_On_Track.png,On_Track,-9
Line_detection_Group/Full_Extracted_images\Image_375_On_Track.png,On_Track,-11
Line_detection_Group/Full_Extracted_images\Image_376_On_Track.png,On_Track,-8
Line_detection_Group/Full_Extracted_images\Image_377_On_Track.png,On_Track,-3
Line_detection_Group/Full_Extracted_images\Image_378_On_Track.png,On_Track,11
Line_detection_Group/Full_Extracted_images\Image_379_On_Track.png,On_Track,14
Line_detection_Group/Full_Extracted_images\Image_380_On_Track.png,On_Track,19
Line_detection_Group/Full_Extracted_images\Image_381_On_Track.png,On_Track,19
Line_detection_Group/Full_Extracted_images\Image_382_On_Track.png,On_Track,19
Line_detection_Group/Full_Extracted_images\Image_383_On_Track.png,On_Track,15
Line_detection_Group/Full_Extracted_images\Image_384_On_Track.png,On_Track,4
Line_detection_Group/Full_Extracted_images\Image_385_On_Track.png,On_Track,-4
Line_detection_Group/Full_Extracted_images\Image_386_On_Track.png,On_Track,-7
Line_detection_Group/Full_Extracted_images\Image_387_On_Track.png,On_Track,-3
Line_detection_Group/Full_Extracted_images\Image_388_On_Track.png,On_Track,2
Line_detection_Group/Full_Extracted_images\Image_389_On_Track.png,On_Track,7
Line_detection_Group/Full_Extracted_images\Image_390_On_Track.png,On_Track,12
Line_detection_Group/Full_Extracted_images\Image_391_On_Track.png,On_Track,13
Line_detection_Group/Full_Extracted_images\Image_392_On_Track.png,On_Track,12
Line_detection_Group/Full_Extracted_images\Image_393_On_Track.png,On_Track,9
Line_detection_Group/Full_Extracted_images\Image_394_On_Track.png,On_Track,5
Line_detection_Group/Full_Extracted_images\Image_395_On_Track.png,On_Track,3
Line_detection_Group/Full_Extracted_images\Image_396_On_Track.png,On_Track,6
Line_detection_Group/Full_Extracted_images\Image_397_On_Track.png,On_Track,15
Line_detection_Group/Full_Extracted_images\Image_398_On_Track.png,On_Track,17
Line_detection_Group/Full_Extracted_images\Image_399_On_Track.png,On_Track,18
Line_detection_Group/Full_Extracted_images\Image_400_On_Track.png,On_Track,18
Line_detection_Group/Full_Extracted_images\Image_401_On_Track.png,On_Track,14
Line_detection_Group/Full_Extracted_images\Image_402_On_Track.png,On_Track,9
Line_detection_Group/Full_Extracted_images\Image_403_On_Track.png,On_Track,3
Line_detection_Group/Full_Extracted_images\Image_404_On_Track.png,On_Track,3
Line_detection_Group/Full_Extracted_images\Image_405_On_Track.png,On_Track,8
Line_detection_Group/Full_Extracted_images\Image_406_On_Track.png,On_Track,17
Line_detection_Group/Full_Extracted_images\Image_407_Right.png,Right,21
Line_detection_Group/Full_Extracted_images\Image_408_Right.png,Right,21
Line_detection_Group/Full_Extracted_images\Image_409_On_Track.png,On_Track,19
Line_detection_Group/Full_Extracted_images\Image_410_On_Track.png,On_Track,13
Line_detection_Group/Full_Extracted_images\Image_411_On_Track.png,On_Track,9
Line_detection_Group/Full_Extracted_images\Image_412_On_Track.png,On_Track,9
Line_detection_Group/Full_Extracted_images\Image_413_On_Track.png,On_Track,15
Line_detection_Group/Full_Extracted_images\Image_414_On_Track.png,On_Track,19
Line_detection_Group/Full_Extracted_images\Image_415_Right.png,Right,25
Line_detection_Group/Full_Extracted_images\Image_416_Right.png,Right,25
Line_detection_Group/Full_Extracted_images\Image_417_Right.png,Right,24
Line_detection_Group/Full_Extracted_images\Image_418_Right.png,Right,23
Line_detection_Group/Full_Extracted_images\Image_419_On_Track.png,On_Track,15
Line_detection_Group/Full_Extracted_images\Image_420_On_Track.png,On_Track,11
Line_detection_Group/Full_Extracted_images\Image_421_On_Track.png,On_Track,11
Line_detection_Group/Full_Extracted_images\Image_422_On_Track.png,On_Track,15
Line_detection_Group/Full_Extracted_images\Image_423_On_Track.png,On_Track,20
Line_detection_Group/Full_Extracted_images\Image_424_Right.png,Right,27
Line_detection_Group/Full_Extracted_images\Image_425_Right.png,Right,29
Line_detection_Group/Full_Extracted_images\Image_426_Right.png,Right,29
Line_detection_Group/Full_Extracted_images\Image_427_Right.png,Right,25
Line_detection_Group/Full_Extracted_images\Image_428_On_Track.png,On_Track,18
Line_detection_Group/Full_Extracted_images\Image_429_On_Track.png,On_Track,15
Line_detection_Group/Full_Extracted_images\Image_430_On_Track.png,On_Track,14
Line_detection_Group/Full_Extracted_images\Image_431_On_Track.png,On_Track,18
Line_detection_Group/Full_Extracted_images\Image_432_Right.png,Right,24
Line_detection_Group/Full_Extracted_images\Image_433_Right.png,Right,29
Line_detection_Group/Full_Extracted_images\Image_434_Right.png,Right,30
Line_detection_Group/Full_Extracted_images\Image_435_Right.png,Right,29
Line_detection_Group/Full_Extracted_images\Image_436_Right.png,Right,26
Line_detection_Group/Full_Extracted_images\Image_437_Right.png,Right,21
Line_detection_Group/Full_Extracted_images\Image_438_On_Track.png,On_Track,19
Line_detection_Group/Full_Extracted_images\Image_439_On_Track.png,On_Track,20
Line_detection_Group/Full_Extracted_images\Image_440_Right.png,Right,22
Line_detection_Group/Full_Extracted_images\Image_441_Right.png,Right,26
Line_detection_Group/Full_Extracted_images\Image_442_Right.png,Right,27
Line_detection_Group/Full_Extracted_images\Image_443_Right.png,Right,27
Line_detection_Group/Full_Extracted_images\Image_444_Right.png,Right,24
Line_detection_Group/Full_Extracted_images\Image_445_On_Track.png,On_Track,20
Line_detection_Group/Full_Extracted_images\Image_446_On_Track.png,On_Track,14
Line_detection_Group/Full_Extracted_images\Image_447_On_Track.png,On_Track,15
Line_detection_Group/Full_Extracted_images\Image_448_On_Track.png,On_Track,18
Line_detection_Group/Full_Extracted_images\Image_449_Right.png,Right,22
Line_detection_Group/Full_Extracted_images\Image_450_Right.png,Right,26
Line_detection_Group/Full_Extracted_images\Image_451_Right.png,Right,26
Line_detection_Group/Full_Extracted_images\Image_452_Right.png,Right,25
Line_detection_Group/Full_Extracted_images\Image_453_Right.png,Right,21
Line_detection_Group/Full_Extracted_images\Image_454_On_Track.png,On_Track,17
Line_detection_Group/Full_Extracted_images\Image_455_On_Track.png,On_Track,14
Line_detection_Group/Full_Extracted_images\Image_456_On_Track.png,On_Track,17
Line_detection_Group/Full_Extracted_images\Image_457_Right.png,Right,22
Line_detection_Group/Full_Extracted_images\Image_458_Right.png,Right,24
Line_detection_Group/Full_Extracted_images\Image_459_Right.png,Right,25
Line_detection_Group/Full_Extracted_images\Image_460_Right.png,Right,25
Line_detection_Group/Full_Extracted_images\Image_461_Right.png,Right,21
Line_detection_Group/Full_Extracted_images\Image_462_On_Track.png,On_Track,17
Line_detection_Group/Full_Extracted_images\Image_463_On_Track.png,On_Track,11
Line_detection_Group/Full_Extracted_images\Image_464_On_Track.png,On_Track,12
Line_detection_Group/Full_Extracted_images\Image_465_On_Track.png,On_Track,16
Line_detection_Group/Full_Extracted_images\Image_466_Right.png,Right,21
Line_detection_Group/Full_Extracted_images\Image_467_Right.png,Right,26
Line_detection_Group/Full_Extracted_images\Image_468_Right.png,Right,28
Line_detection_Group/Full_Extracted_images\Image_469_Right.png,Right,27
Line_detection_Group/Full_Extracted_images\Image_470_Right.png,Right,23
Line_detection_Group/Full_Extracted_images\Image_471_On_Track.png,On_Track,17
Line_detection_Group/Full_Extracted_images\Image_472_On_Track.png,On_Track,14
Line_detection_Group/Full_Extracted_images\Image_473_On_Track.png,On_Track,14
Line_detection_Group/Full_Extracted_images\Image_474_On_Track.png,On_Track,17
Line_detection_Group/Full_Extracted_images\Image_475_Right.png,Right,23
Line_detection_Group/Full_Extracted_images\Image_476_Right.png,Right,25
Line_detection_Group/Full_Extracted_images\Image_477_Right.png,Right,25
Line_detection_Group/Full_Extracted_images\Image_478_Right.png,Right,23
Line_detection_Group/Full_Extracted_images\Image_479_On_Track.png,On_Track,18
Line_detection_Group/Full_Extracted_images\Image_480_Off_Track.png,Off_Track,
Line_detection_Group/Full_Extracted_images\Image_481_Off_Track.png,Off_Track,
Line_detection_Group/Full_Extracted_images\Image_482_Off_Track.png,Off_Track,
Line_detection_Group/Full_Extracted_images\Image_483_Off_Track.png,Off_Track,
Line_detection_Group/Full_Extracted_images\Image_484_Right.png,Right,25
Line_detection_Group/Full_Extracted_images\Image_485_Right.png,Right,28
Line_detection_Group/Full_Extracted_images\Image_486_Right.png,Right,30
Line_detection_Group/Full_Extracted_images\Image_487_Right.png,Right,21
Line_detection_Group/Full_Extracted_images\Image_488_On_Track.png,On_Track,9
Line_detection_Group/Full_Extracted_images\Image_489_On_Track.png,On_Track,-9
Line_detection_Group/Full_Extracted_images\Image_490_On_Track.png,On_Track,-18
Line_detection_Group/Full_Extracted_images\Image_491_Left.png,Left,-22
Line_detection_Group/Full_Extracted_images\Image_492_Left.png,Left,-23
Line_detection_Group/Full_Extracted_images\Image_493_On_Track.png,On_Track,-18
Line_detection_Group/Full_Extracted_images\Image_494_On_Track.png,On_Track,-9
Line_detection_Group/Full_Extracted_images\Image_495_On_Track.png,On_Track,-3
Line_detection_Group/Full_Extracted_images\Image_496_On_Track.png,On_Track,1
Line_detection_Group/Full_Extracted_images\Image_497_On_Track.png,On_Track,-1
Line_detection_Group/Full_Extracted_images\Image_498_On_Track.png,On_Track,-8
Line_detection_Group/Full_Extracted_images\Image_499_On_Track.png,On_Track,-16
Line_detection_Group/Full_Extracted_images\Image_500_Off_Track.png,Off_Track,
Line_detection_Group/Full_Extracted_images\Image_501_Right.png,Right,23
Line_detection_Group/Full_Extracted_images\Image_502_Right.png,Right,149
Line_detection_Group/Full_Extracted_images\Image_503_Left.png,Left,-27
Line_detection_Group/Full_Extracted_images\Image_504_Left.png,Left,-28
Line_detection_Group/Full_Extracted_images\Image_505_Left.png,Left,-30
Line_detection_Group/Full_Extracted_images\Image_506_Left.png,Left,-31
Line_detection_Group/Full_Extracted_images\Image_507_Left.png,Left,-32
Line_detection_Group/Full_Extracted_images\Image_508_Left.png,Left,-29
Line_detection_Group/Full_Extracted_images\Image_509_Left.png,Left,-26
Line_detection_Group/Full_Extracted_images\Image_510_Left.png,Left,-21
Line_detection_Group/Full_Extracted_images\Image_511_Left.png,Left,-21
Line_detection_Group/Full_Extracted_images\Image_512_Left.png,Left,-25
Line_detection_Group/Full_Extracted_images\Image_513_Left.png,Left,-29
Line_detection_Group/Full_Extracted_images\Image_514_Left.png,Left,-35
Line_detection_Group/Full_Extracted_images\Image_515_Left.png,Left,-35
Line_detection_Group/Full_Extracted_images\Image_516_Left.png,Left,-34
Line_detection_Group/Full_Extracted_images\Image_517_Left.png,Left,-27
Line_detection_Group/Full_Extracted_images\Image_518_Left.png,Left,-22
Line_detection_Group/Full_Extracted_images\Image_519_On_Track.png,On_Track,-20
Line_detection_Group/Full_Extracted_images\Image_520_On_Track.png,On_Track,-20
Line_detection_Group/Full_Extracted_images\Image_521_Left.png,Left,-23
Line_detection_Group/Full_Extracted_images\Image_522_Left.png,Left,-31
Line_detection_Group/Full_Extracted_images\Image_523_Left.png,Left,-34
Line_detection_Group/Full_Extracted_images\Image_524_Left.png,Left,-34
Line_detection_Group/Full_Extracted_images\Image_525_Left.png,Left,-33
Line_detection_Group/Full_Extracted_images\Image_526_Left.png,Left,-25
Line_detection_Group/Full_Extracted_images\Image_527_On_Track.png,On_Track,-19
Line_detection_Group/Full_Extracted_images\Image_528_On_Track.png,On_Track,-19
Line_detection_Group/Full_Extracted_images\Image_529_Left.png,Left,-22
Line_detection_Group/Full_Extracted_images\Image_530_Left.png,Left,-28
Line_detection_Group/Full_Extracted_images\Image_531_Left.png,Left,-34
Line_detection_Group/Full_Extracted_images\Image_532_Left.png,Left,-37
Line_detection_Group/Full_Extracted_images\Image_533_Left.png,Left,-36
Line_detection_Group/Full_Extracted_images\Image_534_Left.png,Left,-34
Line_detection_Group/Full_Extracted_images\Image_535_Left.png,Left,-27
Line_detection_Group/Full_Extracted_images\Image_536_Left.png,Left,-22
Line_detection_Group/Full_Extracted_images\Image_537_Left.png,Left,-21
Line_detection_Group/Full_Extracted_images\Image_538_Left.png,Left,-22
Line_detection_Group/Full_Extracted_images\Image_539_Left.png,Left,-27
Line_detection_Group/Full_Extracted_images\Image_540_Left.png,Left,-33
Line_detection_Group/Full_Extracted_images\Image_541_Left.png,Left,-34
Line_detection_Group/Full_Extracted_images\Image_542_Left.png,Left,-33
Line_detection_Group/Full_Extracted_images\Image_543_Left.png,Left,-27
Line_detection_Group/Full_Extracted_images\Image_544_On_Track.png,On_Track,-20
Line_detection_Group/Full_Extracted_images\Image_545_On_Track.png,On_Track,-15
Line_detection_Group/Full_Extracted_images\Image_546_On_Track.png,On_Track,-12
Line_detection_Group/Full_Extracted_images\Image_547_On_Track.png,On_Track,-13
Line_detection_Group/Full_Extracted_images\Image_548_On_Track.png,On_Track,-19
Line_detection_Group/Full_Extracted_images\Image_549_Left.png,Left,-25
Line_detection_Group/Full_Extracted_images\Image_550_Left.png,Left,-29
Line_detection_Group/Full_Extracted_images\Image_551_Left.png,Left,-28
Line_detection_Group/Full_Extracted_images\Image_552_Left.png,Left,-24
Line_detection_Group/Full_Extracted_images\Image_553_On_Track.png,On_Track,-20
Line_detection_Group/Full_Extracted_images\Image_554_On_Track.png,On_Track,-15
Line_detection_Group/Full_Extracted_images\Image_555_On_Track.png,On_Track,-14
Line_detection_Group/Full_Extracted_images\Image_556_On_Track.png,On_Track,-18
Line_detection_Group/Full_Extracted_images\Image_557_On_Track.png,On_Track,-12
Line_detection_Group/Full_Extracted_images\Image_558_On_Track.png,On_Track,12
Line_detection_Group/Full_Extracted_images\Image_559_Left.png,Left,-39
Line_detection_Group/Full_Extracted_images\Image_560_Left.png,Left,-43
Line_detection_Group/Full_Extracted_images\Image_561_Left.png,Left,-46
Line_detection_Group/Full_Extracted_images\Image_562_Left.png,Left,-46
Line_detection_Group/Full_Extracted_images\Image_563_Left.png,Left,-46
Line_detection_Group/Full_Extracted_images\Image_564_Left.png,Left,-44
Line_detection_Group/Full_Extracted_images\Image_565_Left.png,Left,-38
Line_detection_Group/Full_Extracted_images\Image_566_Left.png,Left,-35
Line_detection_Group/Full_Extracted_images\Image_567_Left.png,Left,-33
Line_detection_Group/Full_Extracted_images\Image_568_Left.png,Left,-34
Line_detection_Group/Full_Extracted_images\Image_569_Left.png,Left,-37
Line_detection_Group/Full_Extracted_images\Image_570_Left.png,Left,-39
Line_detection_Group/Full_Extracted_images\Image_571_Left.png,Left,-39
Line_detection_Group/Full_Extracted_images\Image_572_Left.png,Left,-37
Line_detection_Group/Full_Extracted_images\Image_573_Left.png,Left,-32
Line_detection_Group/Full_Extracted_images\Image_574_Left.png,Left,-26
Line_detection_Group/Full_Extracted_images\Image_575_Left.png,Left,-26
Line_detection_Group/Full_Extracted_images\Image_576_Left.png,Left,-28
Line_detection_Group/Full_Extracted_images\Image_577_Left.png,Left,-35
Line_detection_Group/Full_Extracted_images\Image_578_Left.png,Left,-42
Line_detection_Group/Full_Extracted_images\Image_579_Left.png,Left,-45
Line_detection_Group/Full_Extracted_images\Image_580_Left.png,Left,-45
Line_detection_Group/Full_Extracted_images\Image_581_Left.png,Left,-41
Line_detection_Group/Full_Extracted_images\Image_582_Left.png,Left,-35
Line_detection_Group/Full_Extracted_images\Image_583_Left.png,Left,-34
Line_detection_Group/Full_Extracted_images\Image_584_Left.png,Left,-36
Line_detection_Group/Full_Extracted_images\Image_585_Off_Track.png,Off_Track,
Line_detection_Group/Full_Extracted_images\Image_586_Off_Track.png,Off_Track,
Line_detection_Group/Full_Extracted_images\Image_587_Off_Track.png,Off_Track,
Line_detection_Group/Full_Extracted_images\Image_588_Off_Track.png,Off_Track,
Line_detection_Group/Full_Extracted_images\Image_589_Left.png,Left,-41
Line_detection_Group/Full_Extracted_images\Image_590_Left.png,Left,-37
Line_detection_Group/Full_Extracted_images\Image_591_Left.png,Left,-29
Line_detection_Group/Full_Extracted_images\Image_592_On_Track.png,On_Track,-12
Line_detection_Group/Full_Extracted_images\Image_593_On_Track.png,On_Track,-1
Line_detection_Group/Full_Extracted_images\Image_594_On_Track.png,On_Track,7
Line_detection_Group/Full_Extracted_images\Image_595_On_Track.png,On_Track,11
Line_detection_Group/Full_Extracted_images\Image_596_On_Track.png,On_Track,10
Line_detection_Group/Full_Extracted_images\Image_597_On_Track.png,On_Track,5
Line_detection_Group/Full_Extracted_images\Image_598_On_Track.png,On_Track,-6
Line_detection_Group/Full_Extracted_images\Image_599_On_Track.png,On_Track,-16
Line_detection_Group/Full_Extracted_images\Image_600_On_Track.png,On_Track,-20
Line_detection_Group/Full_Extracted_images\Image_601_On_Track.png,On_Track,-19
Line_detection_Group/Full_Extracted_images\Image_602_On_Track.png,On_Track,-14
Line_detection_Group/Full_Extracted_images\Image_603_On_Track.png,On_Track,-5
Line_detection_Group/Full_Extracted_images\Image_604_On_Track.png,On_Track,2
Line_detection_Group/Full_Extracted_images\Image_605_On_Track.png,On_Track,6
Line_detection_Group/Full_Extracted_images\Image_606_On_Track.png,On_Track,7
Line_detection_Group/Full_Extracted_images\Image_607_On_Track.png,On_Track,7
Line_detection_Group/Full_Extracted_images\Image_608_On_Track.png,On_Track,2
Line_detection_Group/Full_Extracted_images\Image_609_On_Track.png,On_Track,-5
Line_detection_Group/Full_Extracted_images\Image_610_On_Track.png,On_Track,-11
Line_detection_Group/Full_Extracted_images\Image_611_On_Track.png,On_Track,-11
Line_detection_Group/Full_Extracted_images\Image_612_On_Track.png,On_Track,-2
Line_detection_Group/Full_Extracted_images\Image_613_On_Track.png,On_Track,8
Line_detection_Group/Full_Extracted_images\Image_614_Right.png,Right,21
Line_detection_Group/Full_Extracted_images\Image_615_Right.png,Right,26
Line_detection_Group/Full_Extracted_images\Image_616_Right.png,Right,28
Line_detection_Group/Full_Extracted_images\Image_617_Right.png,Right,28
Line_detection_Group/Full_Extracted_images\Image_618_Right.png,Right,25
Line_detection_Group/Full_Extracted_images\Image_619_On_Track.png,On_Track,18
Line_detection_Group/Full_Extracted_images\Image_620_On_Track.png,On_Track,12
Line_detection_Group/Full_Extracted_images\Image_621_On_Track.png,On_Track,8
Line_detection_Group/Full_Extracted_images\Image_622_On_Track.png,On_Track,8
Line_detection_Group/Full_Extracted_images\Image_623_On_Track.png,On_Track,12
Line_detection_Group/Full_Extracted_images\Image_624_On_Track.png,On_Track,18
Line_detection_Group/Full_Extracted_images\Image_625_On_Track.png,On_Track,20
Line_detection_Group/Full_Extracted_images\Image_626_On_Track.png,On_Track,20
Line_detection_Group/Full_Extracted_images\Image_627_On_Track.png,On_Track,19
Line_detection_Group/Full_Extracted_images\Image_628_On_Track.png,On_Track,14
Line_detection_Group/Full_Extracted_images\Image_629_On_Track.png,On_Track,10
Line_detection_Group/Full_Extracted_images\Image_630_On_Track.png,On_Track,9
Line_detection_Group/Full_Extracted_images\Image_631_On_Track.png,On_Track,11
Line_detection_Group/Full_Extracted_images\Image_632_On_Track.png,On_Track,19
Line_detection_Group/Full_Extracted_images\Image_633_Right.png,Right,24
Line_detection_Group/Full_Extracted_images\Image_634_Right.png,Right,25
Line_detection_Group/Full_Extracted_images\Image_635_Right.png,Right,24
Line_detection_Group/Full_Extracted_images\Image_636_Right.png,Right,21
Line_detection_Group/Full_Extracted_images\Image_637_On_Track.png,On_Track,15
Line_detection_Group/Full_Extracted_images\Image_638_On_Track.png,On_Track,11
Line_detection_Group/Full_Extracted_images\Image_639_On_Track.png,On_Track,12
Line_detection_Group/Full_Extracted_images\Image_640_On_Track.png,On_Track,19
Line_detection_Group/Full_Extracted_images\Image_641_Right.png,Right,25
Line_detection_Group/Full_Extracted_images\Image_642_Right.png,Right,27
Line_detection_Group/Full_Extracted_images\Image_643_Right.png,Right,27
Line_detection_Group/Full_Extracted_images\Image_644_Right.png,Right,25
Line_detection_Group/Full_Extracted_images\Image_645_Right.png,Right,21
Line_detection_Group/Full_Extracted_images\Image_646_On_Track.png,On_Track,19
Line_detection_Group/Full_Extracted_images\Image_647_On_Track.png,On_Track,18
Line_detection_Group/Full_Extracted_images\Image_648_Right.png,Right,22
Line_detection_Group/Full_Extracted_images\Image_649_Right.png,Right,28
Line_detection_Group/Full_Extracted_images\Image_650_Right.png,Right,30
Line_detection_Group/Full_Extracted_images\Image_651_Right.png,Right,29
Line_detection_Group/Full_Extracted_images\Image_652_Right.png,Right,26
Line_detection_Group/Full_Extracted_images\Image_653_Right.png,Right,23
Line_detection_Group/Full_Extracted_images\Image_654_On_Track.png,On_Track,19
Line_detection_Group/Full_Extracted_images\Image_655_On_Track.png,On_Track,19
Line_detection_Group/Full_Extracted_images\Image_656_Right.png,Right,22
Line_detection_Group/Full_Extracted_images\Image_657_Right.png,Right,26
Line_detection_Group/Full_Extracted_images\Image_658_Right.png,Right,27
Line_detection_Group/Full_Extracted_images\Image_659_Right.png,Right,27
Line_detection_Group/Full_Extracted_images\Image_660_Right.png,Right,24
Line_detection_Group/Full_Extracted_images\Image_661_On_Track.png,On_Track,17
Line_detection_Group/Full_Extracted_images\Image_662_On_Track.png,On_Track,15
Line_detection_Group/Full_Extracted_images\Image_663_On_Track.png,On_Track,16
Line_detection_Group/Full_Extracted_images\Image_664_Right.png,Right,21
Line_detection_Group/Full_Extracted_images\Image_665_Right.png,Right,28
Line_detection_Group/Full_Extracted_images\Image_666_Right.png,Right,30
Line_detection_Group/Full_Extracted_images\Image_667_Right.png,Right,31
Line_detection_Group/Full_Extracted_images\Image_668_Right.png,Right,29
Line_detection_Group/Full_Extracted_images\Image_669_Right.png,Right,26
Line_detection_Group/Full_Extracted_images\Image_670_Right.png,Right,21
Line_detection_Group/Full_Extracted_images\Image_671_On_Track.png,On_Track,17
Line_detection_Group/Full_Extracted_images\Image_672_On_Track.png,On_Track,16
Line_detection_Group/Full_Extracted_images\Image_673_On_Track.png,On_Track,19
Line_detection_Group/Full_Extracted_images\Image_674_Right.png,Right,23
Line_detection_Group/Full_Extracted_images\Image_675_Right.png,Right,28
Line_detection_Group/Full_Extracted_images\Image_676_Right.png,Right,29
Line_detection_Group/Full_Extracted_images\Image_677_Right.png,Right,28
Line_detection_Group/Full_Extracted_images\Image_678_Right.png,Right,24
Line_detection_Group/Full_Extracted_images\Image_679_On_Track.png,On_Track,20
Line_detection_Group/Full_Extracted_images\Image_680_On_Track.png,On_Track,17
Line_detection_Group/Full_Extracted_images\Image_681_On_Track.png,On_Track,18
Line_detection_Group/Full_Extracted_images\Image_682_On_Track.png,On_Track,19
Line_detection_Group/Full_Extracted_images\Image_683_Right.png,Right,24
Line_detection_Group/Full_Extracted_images\Image_684_Right.png,Right,28
Line_detection_Group/Full_Extracted_images\Image_685_Right.png,Right,28
Line_detection_Group/Full_Extracted_images\Image_686_Right.png,Right,27
Line_detection_Group/Full_Extracted_images\Image_687_Right.png,Right,24
Line_detection_Group/Full_Extracted_images\Image_688_On_Track.png,On_Track,19
Line_detection_Group/Full_Extracted_images\Image_689_On_Track.png,On_Track,18
Line_detection_Group/Full_Extracted_images\Image_690_Right.png,Right,22
Line_detection_Group/Full_Extracted_images\Image_691_Right.png,Right,27
Line_detection_Group/Full_Extracted_images\Image_692_Right.png,Right,32
Line_detection_Group/Full_Extracted_images\Image_693_Right.png,Right,33
Line_detection_Group/Full_Extracted_images\Image_694_Right.png,Right,32
Line_detection_Group/Full_Extracted_images\Image_695_Right.png,Right,30
Line_detection_Group/Full_Extracted_images\Image_696_Right.png,Right,26
Line_detection_Group/Full_Extracted_images\Image_697_Right.png,Right,22
Line_detection_Group/Full_Extracted_images\Image_698_Right.png,Right,21
Line_detection_Group/Full_Extracted_images\Image_699_Right.png,Right,23
Line_detection_Group/Full_Extracted_images\Image_700_Right.png,Right,27
Line_detection_Group/Full_Extracted_images\Image_701_Right.png,Right,30
Line_detection_Group/Full_Extracted_images\Image_702_Right.png,Right,30
Line_detection_Group/Full_Extracted_images\Image_703_Right.png,Right,29
Line_detection_Group/Full_Extracted_images\Image_704_Right.png,Right,25
Line_detection_Group/Full_Extracted_images\Image_705_On_Track.png,On_Track,20
Line_detection_Group/Full_Extracted_images\Image_706_On_Track.png,On_Track,17
Line_detection_Group/Full_Extracted_images\Image_707_On_Track.png,On_Track,18
Line_detection_Group/Full_Extracted_images\Image_708_Right.png,Right,21
Line_detection_Group/Full_Extracted_images\Image_709_Right.png,Right,24
Line_detection_Group/Full_Extracted_images\Image_710_Right.png,Right,25
Line_detection_Group/Full_Extracted_images\Image_711_Right.png,Right,24
Line_detection_Group/Full_Extracted_images\Image_712_Right.png,Right,22
Line_detection_Group/Full_Extracted_images\Image_713_Off_Track.png,Off_Track,
Line_detection_Group/Full_Extracted_images\Image_714_Off_Track.png,Off_Track,
Line_detection_Group/Full_Extracted_images\Image_715_Off_Track.png,Off_Track,
Line_detection_Group/Full_Extracted_images\Image_716_Off_Track.png,Off_Track,
Line_detection_Group/Full_Extracted_images\Image_717_On_Track.png,On_Track,15
Line_detection_Group/Full_Extracted_images\Image_718_On_Track.png,On_Track,14
Line_detection_Group/Full_Extracted_images\Image_719_On_Track.png,On_Track,11
Line_detection_Group/Full_Extracted_images\Image_720_On_Track.png,On_Track,8
Line_detection_Group/Full_Extracted_images\Image_721_On_Track.png,On_Track,9
Line_detection_Group/Full_Extracted_images\Image_722_On_Track.png,On_Track,17
Line_detection_Group/Full_Extracted_images\Image_723_Right.png,Right,22
Line_detection_Group/Full_Extracted_images\Image_724_Right.png,Right,27
Line_detection_Group/Full_Extracted_images\Image_725_Right.png,Right,28
Line_detection_Group/Full_Extracted_images\Image_726_Right.png,Right,25
Line_detection_Group/Full_Extracted_images\Image_727_On_Track.png,On_Track,20
Line_detection_Group/Full_Extracted_images\Image_728_On_Track.png,On_Track,15
Line_detection_Group/Full_Extracted_images\Image_729_On_Track.png,On_Track,10
Line_detection_Group/Full_Extracted_images\Image_730_On_Track.png,On_Track,11
Line_detection_Group/Full_Extracted_images\Image_731_On_Track.png,On_Track,15
Line_detection_Group/Full_Extracted_images\Image_732_On_Track.png,On_Track,20
Line_detection_Group/Full_Extracted_images\Image_733_Right.png,Right,24
Line_detection_Group/Full_Extracted_images\Image_734_Right.png,Right,25
Line_detection_Group/Full_Extracted_images\Image_735_Right.png,Right,23
Line_detection_Group/Full_Extracted_images\Image_736_On_Track.png,On_Track,18
Line_detection_Group/Full_Extracted_images\Image_737_On_Track.png,On_Track,14
Line_detection_Group/Full_Extracted_images\Image_738_On_Track.png,On_Track,11
Line_detection_Group/Full_Extracted_images\Image_739_Off_Track.png,Off_Track,
Line_detection_Group/Full_Extracted_images\Image_740_Right.png,Right,61
Line_detection_Group/Full_Extracted_images\Image_741_Off_Track.png,Off_Track,
Line_detection_Group/Full_Extracted_images\Image_742_Off_Track.png,Off_Track,
Line_detection_Group/Full_Extracted_images\Image_743_On_Track.png,On_Track,19
Line_detection_Group/Full_Extracted_images\Image_744_On_Track.png,On_Track,17
Line_detection_Group/Full_Extracted_images\Image_745_On_Track.png,On_Track,16
Line_detection_Group/Full_Extracted_images\Image_746_On_Track.png,On_Track,16
Line_detection_Group/Full_Extracted_images\Image_747_On_Track.png,On_Track,17
Line_detection_Group/Full_Extracted_images\Image_748_On_Track.png,On_Track,20
Line_detection_Group/Full_Extracted_images\Image_749_Right.png,Right,22
Line_detection_Group/Full_Extracted_images\Image_750_On_Track.png,On_Track,20
Line_detection_Group/Full_Extracted_images\Image_751_On_Track.png,On_Track,12
Line_detection_Group/Full_Extracted_images\Image_752_On_Track.png,On_Track,3
Line_detection_Group/Full_Extracted_images\Image_753_On_Track.png,On_Track,-1
Line_detection_Group/Full_Extracted_images\Image_754_On_Track.png,On_Track,-3
Line_detection_Group/Full_Extracted_images\Image_755_On_Track.png,On_Track,0
Line_detection_Group/Full_Extracted_images\Image_756_On_Track.png,On_Track,4
Line_detection_Group/Full_Extracted_images\Image_757_On_Track.png,On_Track,10
Line_detection_Group/Full_Extracted_images\Image_758_On_Track.png,On_Track,12
Line_detection_Group/Full_Extracted_images\Image_759_On_Track.png,On_Track,10
Line_detection_Group/Full_Extracted_images\Image_760_On_Track.png,On_Track,7
Line_detection_Group/Full_Extracted_images\Image_761_On_Track.png,On_Track,-2
Line_detection_Group/Full_Extracted_images\Image_762_On_Track.png,On_Track,-5
Line_detection_Group/Full_Extracted_images\Image_763_On_Track.png,On_Track,-5
Line_detection_Group/Full_Extracted_images\Image_764_On_Track.png,On_Track,-1
Line_detection_Group/Full_Extracted_images\Image_765_On_Track.png,On_Track,3
Line_detection_Group/Full_Extracted_images\Image_766_On_Track.png,On_Track,8
Line_detection_Group/Full_Extracted_images\Image_767_On_Track.png,On_Track,7
Line_detection_Group/Full_Extracted_images\Image_768_On_Track.png,On_Track,3
Line_detection_Group/Full_Extracted_images\Image_769_On_Track.png,On_Track,-1
Line_detection_Group/Full_Extracted_images\Image_770_On_Track.png,On_Track,-4
Line_detection_Group/Full_Extracted_images\Image_771_On_Track.png,On_Track,-5
Line_detection_Group/Full_Extracted_images\Image_772_On_Track.png,On_Track,-4
Line_detection_Group/Full_Extracted_images\Image_773_On_Track.png,On_Track,1
Line_detection_Group/Full_Extracted_images\Image_774_On_Track.png,On_Track,4
Line_detection_Group/Full_Extracted_images\Image_775_On_Track.png,On_Track,2
Line_detection_Group/Full_Extracted_images\Image_776_On_Track.png,On_Track,-5
Line_detection_Group/Full_Extracted_images\Image_777_On_Track.png,On_Track,-13
Line_detection_Group/Full_Extracted_images\Image_778_On_Track.png,On_Track,-17
Line_detection_Group/Full_Extracted_images\Image_779_On_Track.png,On_Track,-18
Line_detection_Group/Full_Extracted_images\Image_780_On_Track.png,On_Track,-16
Line_detection_Group/Full_Extracted_images\Image_781_On_Track.png,On_Track,-12
Line_detection_Group/Full_Extracted_images\Image_782_On_Track.png,On_Track,-4
Line_detection_Group/Full_Extracted_images\Image_783_On_Track.png,On_Track,0
Line_detection_Group/Full_Extracted_images\Image_784_On_Track.png,On_Track,-2
Line_detection_Group/Full_Extracted_images\Image_785_On_Track.png,On_Track,-8
Line_detection_Group/Full_Extracted_images\Image_786_On_Track.png,On_Track,-19
Line_detection_Group/Full_Extracted_images\Image_787_Left.png,Left,-25
Line_detection_Group/Full_Extracted_images\Image_788_Left.png,Left,-29
Line_detection_Group/Full_Extracted_images\Image_789_Left.png,Left,-28
Line_detection_Group/Full_Extracted_images\Image_790_Left.png,Left,-22
Line_detection_Group/Full_Extracted_images\Image_791_On_Track.png,On_Track,-15
Line_detection_Group/Full_Extracted_images\Image_792_On_Track.png,On_Track,-7
Line_detection_Group/Full_Extracted_images\Image_793_On_Track.png,On_Track,-6
Line_detection_Group/Full_Extracted_images\Image_794_On_Track.png,On_Track,-8
Line_detection_Group/Full_Extracted_images\Image_795_Off_Track.png,Off_Track,
Line_detection_Group/Full_Extracted_images\Image_796_Right.png,Right,25
Line_detection_Group/Full_Extracted_images\Image_797_Left.png,Left,-28
Line_detection_Group/Full_Extracted_images\Image_798_Left.png,Left,-30
Line_detection_Group/Full_Extracted_images\Image_799_Left.png,Left,-29
Line_detection_Group/Full_Extracted_images\Image_800_On_Track.png,On_Track,-20
Line_detection_Group/Full_Extracted_images\Image_801_On_Track.png,On_Track,-7
Line_detection_Group/Full_Extracted_images\Image_802_On_Track.png,On_Track,1
Line_detection_Group/Full_Extracted_images\Image_803_On_Track.png,On_Track,7
Line_detection_Group/Full_Extracted_images\Image_804_On_Track.png,On_Track,6
Line_detection_Group/Full_Extracted_images\Image_805_On_Track.png,On_Track,3
Line_detection_Group/Full_Extracted_images\Image_806_On_Track.png,On_Track,-6
Line_detection_Group/Full_Extracted_images\Image_807_On_Track.png,On_Track,-11
Line_detection_Group/Full_Extracted_images\Image_808_On_Track.png,On_Track,-14
Line_detection_Group/Full_Extracted_images\Image_809_On_Track.png,On_Track,-14
Line_detection_Group/Full_Extracted_images\Image_810_On_Track.png,On_Track,-11
Line_detection_Group/Full_Extracted_images\Image_811_On_Track.png,On_Track,-4
Line_detection_Group/Full_Extracted_images\Image_812_On_Track.png,On_Track,-1
Line_detection_Group/Full_Extracted_images\Image_813_On_Track.png,On_Track,-2
Line_detection_Group/Full_Extracted_images\Image_814_On_Track.png,On_Track,-6
Line_detection_Group/Full_Extracted_images\Image_815_On_Track.png,On_Track,-11
Line_detection_Group/Full_Extracted_images\Image_816_On_Track.png,On_Track,-15
Line_detection_Group/Full_Extracted_images\Image_817_On_Track.png,On_Track,-13
Line_detection_Group/Full_Extracted_images\Image_818_On_Track.png,On_Track,-9
Line_detection_Group/Full_Extracted_images\Image_819_Off_Track.png,Off_Track,
Line_detection_Group/Full_Extracted_images\Image_820_Off_Track.png,Off_Track,
Line_detection_Group/Full_Extracted_images\Image_821_Off_Track.png,Off_Track,
Line_detection_Group/Full_Extracted_images\Image_822_Off_Track.png,Off_Track,
Line_detection_Group/Full_Extracted_images\Image_823_On_Track.png,On_Track,-1
Line_detection_Group/Full_Extracted_images\Image_824_On_Track.png,On_Track,-6
Line_detection_Group/Full_Extracted_images\Image_825_On_Track.png,On_Track,-6
Line_detection_Group/Full_Extracted_images\Image_826_On_Track.png,On_Track,0
Line_detection_Group/Full_Extracted_images\Image_827_On_Track.png,On_Track,14
Line_detection_Group/Full_Extracted_images\Image_828_Right.png,Right,25
Line_detection_Group/Full_Extracted_images\Image_829_Right.png,Right,31
Line_detection_Group/Full_Extracted_images\Image_830_Right.png,Right,33
Line_detection_Group/Full_Extracted_images\Image_831_Right.png,Right,33
Line_detection_Group/Full_Extracted_images\Image_832_Right.png,Right,30
Line_detection_Group/Full_Extracted_images\Image_833_Right.png,Right,25
Line_detection_Group/Full_Extracted_images\Image_834_On_Track.png,On_Track,14
Line_detection_Group/Full_Extracted_images\Image_835_On_Track.png,On_Track,11
Line_detection_Group/Full_Extracted_images\Image_836_On_Track.png,On_Track,11
Line_detection_Group/Full_Extracted_images\Image_837_On_Track.png,On_Track,15
Line_detection_Group/Full_Extracted_images\Image_838_On_Track.png,On_Track,20
Line_detection_Group/Full_Extracted_images\Image_839_Right.png,Right,22
Line_detection_Group/Full_Extracted_images\Image_840_Right.png,Right,22
Line_detection_Group/Full_Extracted_images\Image_841_On_Track.png,On_Track,20
Line_detection_Group/Full_Extracted_images\Image_842_On_Track.png,On_Track,17
Line_detection_Group/Full_Extracted_images\Image_843_On_Track.png,On_Track,11
Line_detection_Group/Full_Extracted_images\Image_844_On_Track.png,On_Track,12
Line_detection_Group/Full_Extracted_images\Image_845_On_Track.png,On_Track,15
Line_detection_Group/Full_Extracted_images\Image_846_Right.png,Right,21
Line_detection_Group/Full_Extracted_images\Image_847_Right.png,Right,23
Line_detection_Group/Full_Extracted_images\Image_848_Right.png,Right,21
Line_detection_Group/Full_Extracted_images\Image_849_On_Track.png,On_Track,18
Line_detection_Group/Full_Extracted_images\Image_850_On_Track.png,On_Track,12
Line_detection_Group/Full_Extracted_images\Image_851_On_Track.png,On_Track,11
Line_detection_Group/Full_Extracted_images\Image_852_On_Track.png,On_Track,16
Line_detection_Group/Full_Extracted_images\Image_853_Right.png,Right,23
Line_detection_Group/Full_Extracted_images\Image_854_Right.png,Right,28
Line_detection_Group/Full_Extracted_images\Image_855_Right.png,Right,30
Line_detection_Group/Full_Extracted_images\Image_856_Right.png,Right,30
Line_detection_Group/Full_Extracted_images\Image_857_Right.png,Right,26
Line_detection_Group/Full_Extracted_images\Image_858_Right.png,Right,22
Line_detection_Group/Full_Extracted_images\Image_859_On_Track.png,On_Track,17
Line_detection_Group/Full_Extracted_images\Image_860_On_Track.png,On_Track,13
Line_detection_Group/Full_Extracted_images\Image_861_On_Track.png,On_Track,13
Line_detection_Group/Full_Extracted_images\Image_862_On_Track.png,On_Track,13
Line_detection_Group/Full_Extracted_images\Image_863_On_Track.png,On_Track,13
Line_detection_Group/Full_Extracted_images\Image_864_On_Track.png,On_Track,13
Line_detection_Group/Full_Extracted_images\Image_865_On_Track.png,On_Track,13
Line_detection_Group/Full_Extracted_images\Image_866_On_Track.png,On_Track,13
Line_detection_Group/Full_Extracted_images\Image_867_On_Track.png,On_Track,13
Line_detection_Group/Full_Extracted_images\Image_868_On_Track.png,On_Track,13
Line_detection_Group/Full_Extracted_images\Image_869_On_Track.png,On_Track,13
Line_detection_Group/Full_Extracted_images\Image_870_On_Track.png,On_Track,13
Line_detection_Group/Full_Extracted_images\Image_871_On_Track.png,On_Track,12
Line_detection_Group/Full_Extracted_images\Image_872_On_Track.png,On_Track,10
Line_detection_Group/Full_Extracted_images\Image_873_On_Track.png,On_Track,4
Line_detection_Group/Full_Extracted_images\Image_874_On_Track.png,On_Track,-4
Line_detection_Group/Full_Extracted_images\Image_875_On_Track.png,On_Track,-14
Line_detection_Group/Full_Extracted_images\Image_876_Left.png,Left,-32
Line_detection_Group/Full_Extracted_images\Image_877_Left.png,Left,-44
Line_detection_Group/Full_Extracted_images\Image_878_Left.png,Left,-63
Line_detection_Group/Full_Extracted_images\Image_879_Left.png,Left,-83
Line_detection_Group/Full_Extracted_images\Image_880_Left.png,Left,-102
Line_detection_Group/Full_Extracted_images\Image_881_Left.png,Left,-132
Line_detection_Group/Full_Extracted_images\Image_882_Left.png,Left,-160
Line_detection_Group/Full_Extracted_images\Image_883_Left.png,Left,-160
Line_detection_Group/Full_Extracted_images\Image_884_Off_Track.png,Off_Track,
Line_detection_Group/Full_Extracted_images\Image_885_Off_Track.png,Off_Track,
Line_detection_Group/Full_Extracted_images\Image_886_Off_Track.png,Off_Track,
Line_detection_Group/Full_Extracted_images\Image_887_Off_Track.png,Off_Track,
Line_detection_Group/Full_Extracted_images\Image_888_Off_Track.png,Off_Track,
Line_detection_Group/Full_Extracted_images\Image_889_Off_Track.png,Off_Track,
Line_detection_Group/Full_Extracted_images\Image_890_Off_Track.png,Off_Track,
Line_detection_Group/Full_Extracted_images\Image_891_Off_Track.png,Off_Track,
Line_detection_Group/Full_Extracted_images\Image_892_Off_Track.png,Off_Track,
Line_detection_Group/Full_Extracted_images\Image_893_Off_Track.png,Off_Track,
Line_detection_Group/Full_Extracted_images\Image_894_Off_Track.png,Off_Track,
Line_detection_Group/Full_Extracted_images\Image_895_Off_Track.png,Off_Track,
Line_detection_Group/Full_Extracted_images\Image_896_Off_Track.png,Off_Track,
Line_detection_Group/Full_Extracted_images\Image_897_Off_Track.png,Off_Track,
Line_detection_Group/Full_Extracted_images\Image_898_Off_Track.png,Off_Track,
Line_detection_Group/Full_Extracted_images\Image_899_Off_Track.png,Off_Track,
Line_detection_Group/Full_Extracted_images\Image_900_Off_Track.png,Off_Track,
Line_detection_Group/Full_Extracted_images\Image_901_Off_Track.png,Off_Track,
Line_detection_Group/Full_Extracted_images\Image_902_Off_Track.png,Off_Track,
Line_detection_Group/Full_Extracted_images\Image_903_Off_Track.png,Off_Track,
Line_detection_Group/Full_Extracted_images\Image_904_Off_Track.png,Off_Track,
Line_detection_Group/Full_Extracted_images\Image_905_Off_Track.png,Off_Track,
Line_detection_Group/Full_Extracted_images\Image_906_Off_Track.png,Off_Track,
Line_detection_Group/Full_Extracted_images\Image_907_Off_Track.png,Off_Track,
Line_detection_Group/Full_Extracted_images\Image_908_Off_Track.png,Off_Track,
Line_detection_Group/Full_Extracted_images\Image_909_Off_Track.png,Off_Track,
Line_detection_Group/Full_Extracted_images\Image_910_Off_Track.png,Off_Track,
Line_detection_Group/Full_Extracted_images\Image_911_Off_Track.png,Off_Track,
Line_detection_Group/Full_Extracted_images\Image_912_Off_Track.png,Off_Track,
Line_detection_Group/Full_Extracted_images\Image_913_Right.png,Right,156
Line_detection_Group/Full_Extracted_images\Image_914_Left.png,Left,-153
Line_detection_Group/Full_Extracted_images\Image_915_Left.png,Left,-23
Line_detection_Group/Full_Extracted_images\Image_916_Left.png,Left,-160
Line_detection_Group/Full_Extracted_images\Image_917_Right.png,Right,68
Line_detection_Group/Full_Extracted_images\Image_918_Right.png,Right,132
Line_detection_Group/Full_Extracted_images\Image_919_Off_Track.png,Off_Track,
Line_detection_Group/Full_Extracted_images\Image_920_Off_Track.png,Off_Track,
Line_detection_Group/Full_Extracted_images\Image_921_Off_Track.png,Off_Track,
Line_detection_Group/Full_Extracted_images\Image_922_Off_Track.png,Off_Track,
Line_detection_Group/Full_Extracted_images\Image_923_Off_Track.png,Off_Track,
Line_detection_Group/Full_Extracted_images\Image_924_Off_Track.png,Off_Track,
Line_detection_Group/Full_Extracted_images\Image_925_Off_Track.png,Off_Track,
Line_detection_Group/Full_Extracted_images\Image_926_Off_Track.png,Off_Track,
Line_detection_Group/Full_Extracted_images\Image_927_Off_Track.png,Off_Track,
Line_detection_Group/Full_Extracted_images\Image_928_Off_Track.png,Off_Track,
Line_detection_Group/Full_Extracted_images\Image_929_Right.png,Right,158
Line_detection_Group/Full_Extracted_images\Image_930_Off_Track.png,Off_Track,
Line_detection_Group/Full_Extracted_images\Image_931_Off_Track.png,Off_Track,
Line_detection_Group/Full_Extracted_images\Image_932_Off_Track.png,Off_Track,
Line_detection_Group/Full_Extracted_images\Image_933_Off_Track.png,Off_Track,
Line_detection_Group/Full_Extracted_images\Image_934_Off_Track.png,Off_Track,
Line_detection_Group/Full_Extracted_images\Image_935_Off_Track.png,Off_Track,
Line_detection_Group/Full_Extracted_images\Image_936_Off_Track.png,Off_Track,
Line_detection_Group/Full_Extracted_images\Image_937_Off_Track.png,Off_Track,
Line_detection_Group/Full_Extracted_images\Image_938_Off_Track.png,Off_Track,
Line_detection_Group/Full_Extracted_images\Image_939_Off_Track.png,Off_Track,
Line_detection_Group/Full_Extracted_images\Image_940_Off_Track.png,Off_Track,
Line_detection_Group/Full_Extracted_images\Image_941_Off_Track.png,Off_Track,
Line_detection_Group/Full_Extracted_images\Image_942_Left.png,Left,-160
Line_detection_Group/Full_Extracted_images\Image_943_Off_Track.png,Off_Track,
Line_detection_Group/Full_Extracted_images\Image_944_Off_Track.png,Off_Track,
Line_detection_Group/Full_Extracted_images\Image_945_Off_Track.png,Off_Track,
Line_detection_Group/Full_Extracted_images\Image_946_Off_Track.png,Off_Track,
Line_detection_Group/Full_Extracted_images\Image_947_Off_Track.png,Off_Track,
Line_detection_Group/Full_Extracted_images\Image_948_Off_Track.png,Off_Track,
Line_detection_Group/Full_Extracted_images\Image_949_Off_Track.png,Off_Track,
Line_detection_Group/Full_Extracted_images\Image_950_Off_Track.png,Off_Track,
Line_detection_Group/Full_Extracted_images\Image_951_Off_Track.png,Off_Track,
Line_detection_Group/Full_Extracted_images\Image_952_Off_Track.png,Off_Track,
Line_detection_Group/Full_Extracted_images\Image_953_Off_Track.png,Off_Track,
Line_detection_Group/Full_Extracted_images\Image_954_Off_Track.png,Off_Track,
Line_detection_Group/Full_Extracted_images\Image_955_Off_Track.png,Off_Track,
Line_detection_Group/Full_Extracted_images\Image_956_Right.png,Right,155
Line_detection_Group/Full_Extracted_images\Image_957_Left.png,Left,-111
Line_detection_Group/Full_Extracted_images\Image_958_Left.png,Left,-24
Line_detection_Group/Full_Extracted_images\Image_959_Left.png,Left,-55
Line_detection_Group/Full_Extracted_images\Image_960_Left.png,Left,-63
Line_detection_Group/Full_Extracted_images\Image_961_Left.png,Left,-56
Line_detection_Group/Full_Extracted_images\Image_962_Left.png,Left,-40
Line_detection_Group/Full_Extracted_images\Image_963_On_Track.png,On_Track,7
Line_detection_Group/Full_Extracted_images\Image_964_Off_Track.png,Off_Track,
Line_detection_Group/Full_Extracted_images\Image_965_Right.png,Right,89
Line_detection_Group/Full_Extracted_images\Image_966_Right.png,Right,145
Line_detection_Group/Full_Extracted_images\Image_967_Off_Track.png,Off_Track,
Line_detection_Group/Full_Extracted_images\Image_968_Off_Track.png,Off_Track,
Line_detection_Group/Full_Extracted_images\Image_969_Off_Track.png,Off_Track,
Line_detection_Group/Full_Extracted_images\Image_970_Off_Track.png,Off_Track,
Line_detection_Group/Full_Extracted_images\Image_971_Off_Track.png,Off_Track,
Line_detection_Group/Full_Extracted_images\Image_972_Right.png,Right,122
Line_detection_Group/Full_Extracted_images\Image_973_Right.png,Right,98
Line_detection_Group/Full_Extracted_images\Image_974_Off_Track.png,Off_Track,
Line_detection_Group/Full_Extracted_images\Image_975_On_Track.png,On_Track,-6
Line_detection_Group/Full_Extracted_images\Image_976_Left.png,Left,-32
Line_detection_Group/Full_Extracted_images\Image_977_Left.png,Left,-31
Line_detection_Group/Full_Extracted_images\Image_978_On_Track.png,On_Track,-6
Line_detection_Group/Full_Extracted_images\Image_979_Right.png,Right,40
Line_detection_Group/Full_Extracted_images\Image_980_Right.png,Right,37
Line_detection_Group/Full_Extracted_images\Image_981_Left.png,Left,-119
Line_detection_Group/Full_Extracted_images\Image_982_Off_Track.png,Off_Track,
Line_detection_Group/Full_Extracted_images\Image_983_Off_Track.png,Off_Track,
Line_detection_Group/Full_Extracted_images\Image_984_Off_Track.png,Off_Track,
Line_detection_Group/Full_Extracted_images\Image_985_Off_Track.png,Off_Track,
Line_detection_Group/Full_Extracted_images\Image_986_Off_Track.png,Off_Track,
Line_detection_Group/Full_Extracted_images\Image_987_Off_Track.png,Off_Track,
Line_detection_Group/Full_Extracted_images\Image_988_Off_Track.png,Off_Track,
Line_detection_Group/Full_Extracted_images\Image_989_Off_Track.png,Off_Track,
Line_detection_Group/Full_Extracted_images\Image_990_Off_Track.png,Off_Track,
Line_detection_Group/Full_Extracted_images\Image_991_Off_Track.png,Off_Track,
Line_detection_Group/Full_Extracted_images\Image_992_Left.png,Left,-160
Line_detection_Group/Full_Extracted_images\Image_993_Left.png,Left,-160
Line_detection_Group/Full_Extracted_images\Image_994_Left.png,Left,-148
Line_detection_Group/Full_Extracted_images\Image_995_Left.png,Left,-124
Line_detection_Group/Full_Extracted_images\Image_996_Left.png,Left,-108
Line_detection_Group/Full_Extracted_images\Image_997_Left.png,Left,-101
Line_detection_Group/Full_Extracted_images\Image_998_Left.png,Left,-101
Line_detection_Group/Full_Extracted_images\Image_999_Left.png,Left,-101
Line_detection_Group/Full_Extracted_images\Image_1000_Left.png,Left,-102
Line_detection_Group/Full_Extracted_images\Image_1001_Left.png,Left,-103
Line_detection_Group/Full_Extracted_images\Image_1002_Left.png,Left,-103
Line_detection_Group/Full_Extracted_images\Image_1003_Left.png,Left,-97
Line_detection_Group/Full_Extracted_images\Image_1004_Left.png,Left,-85
Line_detection_Group/Full_Extracted_images\Image_1005_Left.png,Left,-78
Line_detection_Group/Full_Extracted_images\Image_1006_Left.png,Left,-78
Line_detection_Group/Full_Extracted_images\Image_1007_Left.png,Left,-77
Line_detection_Group/Full_Extracted_images\Image_1008_Left.png,Left,-75
Line_detection_Group/Full_Extracted_images\Image_1009_Left.png,Left,-72
Line_detection_Group/Full_Extracted_images\Image_1010_Left.png,Left,-65
Line_detection_Group/Full_Extracted_images\Image_1011_Left.png,Left,-56
Line_detection_Group/Full_Extracted_images\Image_1012_Left.png,Left,-47
Line_detection_Group/Full_Extracted_images\Image_1013_Left.png,Left,-37
Line_detection_Group/Full_Extracted_images\Image_1014_Left.png,Left,-26
Line_detection_Group/Full_Extracted_images\Image_1015_Off_Track.png,Off_Track,
Line_detection_Group/Full_Extracted_images\Image_1016_Off_Track.png,Off_Track,
Line_detection_Group/Full_Extracted_images\Image_1017_Off_Track.png,Off_Track,
